row,anomaly_score,fault_id,fault_name,severity,affected_features,recommendations
116,0.5313,network_errors,Network Interface Issues,high,Feature #23;Feature #24,Check network hardware;Inspect cable connections;Review network driver logs;Monitor packet loss rate
132,0.5596,network_errors,Network Interface Issues,high,Feature #23;Feature #24,Check network hardware;Inspect cable connections;Review network driver logs;Monitor packet loss rate
136,0.5313,network_errors,Network Interface Issues,high,Feature #23;Feature #24,Check network hardware;Inspect cable connections;Review network driver logs;Monitor packet loss rate
255,0.5559,network_errors,Network Interface Issues,high,Feature #23;Feature #24,Check network hardware;Inspect cable connections;Review network driver logs;Monitor packet loss rate
270,0.5554,network_errors,Network Interface Issues,high,Feature #23;Feature #24,Check network hardware;Inspect cable connections;Review network driver logs;Monitor packet loss rate
283,0.597,network_errors,Network Interface Issues,high,Feature #23;Feature #24,Check network hardware;Inspect cable connections;Review network driver logs;Monitor packet loss rate
284,0.5764,network_errors,Network Interface Issues,high,Feature #23;Feature #24,Check network hardware;Inspect cable connections;Review network driver logs;Monitor packet loss rate
305,0.579,network_errors,Network Interface Issues,high,Feature #23;Feature #24,Check network hardware;Inspect cable connections;Review network driver logs;Monitor packet loss rate
308,0.5977,network_errors,Network Interface Issues,high,Feature #23;Feature #24,Check network hardware;Inspect cable connections;Review network driver logs;Monitor packet loss rate
309,0.5361,network_errors,Network Interface Issues,high,Feature #23;Feature #24,Check network hardware;Inspect cable connections;Review network driver logs;Monitor packet loss rate
312,0.5872,network_errors,Network Interface Issues,high,Feature #23;Feature #24,Check network hardware;Inspect cable connections;Review network driver logs;Monitor packet loss rate
314,0.5215,network_errors,Network Interface Issues,high,Feature #23;Feature #24,Check network hardware;Inspect cable connections;Review network driver logs;Monitor packet loss rate
3099,0.5296,network_errors,Network Interface Issues,high,Feature #23;Feature #24,Check network hardware;Inspect cable connections;Review network driver logs;Monitor packet loss rate
3100,0.5418,network_errors,Network Interface Issues,high,Feature #23;Feature #24,Check network hardware;Inspect cable connections;Review network driver logs;Monitor packet loss rate
3101,0.5479,network_errors,Network Interface Issues,high,Feature #23;Feature #24,Check network hardware;Inspect cable connections;Review network driver logs;Monitor packet loss rate
3104,0.524,network_errors,Network Interface Issues,high,Feature #23;Feature #24,Check network hardware;Inspect cable connections;Review network driver logs;Monitor packet loss rate
3107,0.5654,network_errors,Network Interface Issues,high,Feature #23;Feature #24,Check network hardware;Inspect cable connections;Review network driver logs;Monitor packet loss rate
3108,0.6131,network_errors,Network Interface Issues,high,Feature #23;Feature #24,Check network hardware;Inspect cable connections;Review network driver logs;Monitor packet loss rate
3109,0.5703,network_errors,Network Interface Issues,high,Feature #23;Feature #24,Check network hardware;Inspect cable connections;Review network driver logs;Monitor packet loss rate
3110,0.5594,network_errors,Network Interface Issues,high,Feature #23;Feature #24,Check network hardware;Inspect cable connections;Review network driver logs;Monitor packet loss rate
3111,0.5359,network_errors,Network Interface Issues,high,Feature #23;Feature #24,Check network hardware;Inspect cable connections;Review network driver logs;Monitor packet loss rate
3113,0.5286,network_errors,Network Interface Issues,high,Feature #23;Feature #24,Check network hardware;Inspect cable connections;Review network driver logs;Monitor packet loss rate
3114,0.5782,network_errors,Network Interface Issues,high,Feature #23;Feature #24,Check network hardware;Inspect cable connections;Review network driver logs;Monitor packet loss rate
3115,0.5503,network_errors,Network Interface Issues,high,Feature #23;Feature #24,Check network hardware;Inspect cable connections;Review network driver logs;Monitor packet loss rate
3116,0.6031,network_errors,Network Interface Issues,high,Feature #23;Feature #24,Check network hardware;Inspect cable connections;Review network driver logs;Monitor packet loss rate
3117,0.596,network_errors,Network Interface Issues,high,Feature #23;Feature #24,Check network hardware;Inspect cable connections;Review network driver logs;Monitor packet loss rate
3118,0.5698,network_errors,Network Interface Issues,high,Feature #23;Feature #24,Check network hardware;Inspect cable connections;Review network driver logs;Monitor packet loss rate
3121,0.5764,network_errors,Network Interface Issues,high,Feature #23;Feature #24,Check network hardware;Inspect cable connections;Review network driver logs;Monitor packet loss rate
3124,0.5507,network_errors,Network Interface Issues,high,Feature #23;Feature #24,Check network hardware;Inspect cable connections;Review network driver logs;Monitor packet loss rate
3125,0.5274,network_errors,Network Interface Issues,high,Feature #23;Feature #24,Check network hardware;Inspect cable connections;Review network driver logs;Monitor packet loss rate
3126,0.5477,network_errors,Network Interface Issues,high,Feature #23;Feature #24,Check network hardware;Inspect cable connections;Review network driver logs;Monitor packet loss rate
3127,0.6082,network_errors,Network Interface Issues,high,Feature #23;Feature #24,Check network hardware;Inspect cable connections;Review network driver logs;Monitor packet loss rate
3128,0.6267,network_errors,Network Interface Issues,high,Feature #23;Feature #24,Check network hardware;Inspect cable connections;Review network driver logs;Monitor packet loss rate
3129,0.5577,network_errors,Network Interface Issues,high,Feature #23;Feature #24,Check network hardware;Inspect cable connections;Review network driver logs;Monitor packet loss rate
3130,0.5407,network_errors,Network Interface Issues,high,Feature #23;Feature #24,Check network hardware;Inspect cable connections;Review network driver logs;Monitor packet loss rate
3134,0.6056,network_errors,Network Interface Issues,high,Feature #23;Feature #24,Check network hardware;Inspect cable connections;Review network driver logs;Monitor packet loss rate
3704,0.5272,network_errors,Network Interface Issues,high,Feature #23;Feature #24,Check network hardware;Inspect cable connections;Review network driver logs;Monitor packet loss rate
3741,0.5645,network_errors,Network Interface Issues,high,Feature #23;Feature #24,Check network hardware;Inspect cable connections;Review network driver logs;Monitor packet loss rate
3744,0.5278,network_errors,Network Interface Issues,high,Feature #23;Feature #24,Check network hardware;Inspect cable connections;Review network driver logs;Monitor packet loss rate
4205,0.5389,network_errors,Network Interface Issues,high,Feature #23;Feature #24,Check network hardware;Inspect cable connections;Review network driver logs;Monitor packet loss rate
4208,0.5383,network_errors,Network Interface Issues,high,Feature #23;Feature #24,Check network hardware;Inspect cable connections;Review network driver logs;Monitor packet loss rate
4227,0.5252,network_errors,Network Interface Issues,high,Feature #23;Feature #24,Check network hardware;Inspect cable connections;Review network driver logs;Monitor packet loss rate
6129,0.5342,network_errors,Network Interface Issues,high,Feature #23;Feature #24,Check network hardware;Inspect cable connections;Review network driver logs;Monitor packet loss rate
6130,0.5316,network_errors,Network Interface Issues,high,Feature #23;Feature #24,Check network hardware;Inspect cable connections;Review network driver logs;Monitor packet loss rate
6787,0.526,network_errors,Network Interface Issues,high,Feature #23;Feature #24,Check network hardware;Inspect cable connections;Review network driver logs;Monitor packet loss rate
7078,0.5218,network_errors,Network Interface Issues,high,Feature #23;Feature #24,Check network hardware;Inspect cable connections;Review network driver logs;Monitor packet loss rate
7119,0.539,network_errors,Network Interface Issues,high,Feature #23;Feature #24,Check network hardware;Inspect cable connections;Review network driver logs;Monitor packet loss rate
7225,0.5235,network_errors,Network Interface Issues,high,Feature #23;Feature #24,Check network hardware;Inspect cable connections;Review network driver logs;Monitor packet loss rate
7236,0.5573,network_errors,Network Interface Issues,high,Feature #23;Feature #24,Check network hardware;Inspect cable connections;Review network driver logs;Monitor packet loss rate
7242,0.5207,network_errors,Network Interface Issues,high,Feature #23;Feature #24,Check network hardware;Inspect cable connections;Review network driver logs;Monitor packet loss rate
10131,0.5357,network_errors,Network Interface Issues,high,Feature #23;Feature #24,Check network hardware;Inspect cable connections;Review network driver logs;Monitor packet loss rate
10132,0.5387,network_errors,Network Interface Issues,high,Feature #23;Feature #24,Check network hardware;Inspect cable connections;Review network driver logs;Monitor packet loss rate
10133,0.5324,network_errors,Network Interface Issues,high,Feature #23;Feature #24,Check network hardware;Inspect cable connections;Review network driver logs;Monitor packet loss rate
10153,0.5444,network_errors,Network Interface Issues,high,Feature #23;Feature #24,Check network hardware;Inspect cable connections;Review network driver logs;Monitor packet loss rate
10162,0.5422,network_errors,Network Interface Issues,high,Feature #23;Feature #24,Check network hardware;Inspect cable connections;Review network driver logs;Monitor packet loss rate
10296,0.5346,network_errors,Network Interface Issues,high,Feature #23;Feature #24,Check network hardware;Inspect cable connections;Review network driver logs;Monitor packet loss rate
10305,0.5279,network_errors,Network Interface Issues,high,Feature #23;Feature #24,Check network hardware;Inspect cable connections;Review network driver logs;Monitor packet loss rate
10306,0.5235,network_errors,Network Interface Issues,high,Feature #23;Feature #24,Check network hardware;Inspect cable connections;Review network driver logs;Monitor packet loss rate
10307,0.56,network_errors,Network Interface Issues,high,Feature #23;Feature #24,Check network hardware;Inspect cable connections;Review network driver logs;Monitor packet loss rate
10308,0.5544,network_errors,Network Interface Issues,high,Feature #23;Feature #24,Check network hardware;Inspect cable connections;Review network driver logs;Monitor packet loss rate
10309,0.6214,network_errors,Network Interface Issues,high,Feature #23;Feature #24,Check network hardware;Inspect cable connections;Review network driver logs;Monitor packet loss rate
10310,0.5328,network_errors,Network Interface Issues,high,Feature #23;Feature #24,Check network hardware;Inspect cable connections;Review network driver logs;Monitor packet loss rate
10311,0.6148,network_errors,Network Interface Issues,high,Feature #23;Feature #24,Check network hardware;Inspect cable connections;Review network driver logs;Monitor packet loss rate
10312,0.5825,network_errors,Network Interface Issues,high,Feature #23;Feature #24,Check network hardware;Inspect cable connections;Review network driver logs;Monitor packet loss rate
10313,0.5285,network_errors,Network Interface Issues,high,Feature #23;Feature #24,Check network hardware;Inspect cable connections;Review network driver logs;Monitor packet loss rate
10314,0.601,network_errors,Network Interface Issues,high,Feature #23;Feature #24,Check network hardware;Inspect cable connections;Review network driver logs;Monitor packet loss rate
10315,0.5636,network_errors,Network Interface Issues,high,Feature #23;Feature #24,Check network hardware;Inspect cable connections;Review network driver logs;Monitor packet loss rate
10316,0.5784,network_errors,Network Interface Issues,high,Feature #23;Feature #24,Check network hardware;Inspect cable connections;Review network driver logs;Monitor packet loss rate
10317,0.6027,network_errors,Network Interface Issues,high,Feature #23;Feature #24,Check network hardware;Inspect cable connections;Review network driver logs;Monitor packet loss rate
10318,0.6304,network_errors,Network Interface Issues,high,Feature #23;Feature #24,Check network hardware;Inspect cable connections;Review network driver logs;Monitor packet loss rate
10319,0.6094,network_errors,Network Interface Issues,high,Feature #23;Feature #24,Check network hardware;Inspect cable connections;Review network driver logs;Monitor packet loss rate
10320,0.5879,network_errors,Network Interface Issues,high,Feature #23;Feature #24,Check network hardware;Inspect cable connections;Review network driver logs;Monitor packet loss rate
10324,0.5917,network_errors,Network Interface Issues,high,Feature #23;Feature #24,Check network hardware;Inspect cable connections;Review network driver logs;Monitor packet loss rate
10325,0.6248,network_errors,Network Interface Issues,high,Feature #23;Feature #24,Check network hardware;Inspect cable connections;Review network driver logs;Monitor packet loss rate
10326,0.578,network_errors,Network Interface Issues,high,Feature #23;Feature #24,Check network hardware;Inspect cable connections;Review network driver logs;Monitor packet loss rate
10327,0.5587,network_errors,Network Interface Issues,high,Feature #23;Feature #24,Check network hardware;Inspect cable connections;Review network driver logs;Monitor packet loss rate
10328,0.65,network_errors,Network Interface Issues,high,Feature #23;Feature #24,Check network hardware;Inspect cable connections;Review network driver logs;Monitor packet loss rate
10329,0.6101,network_errors,Network Interface Issues,high,Feature #23;Feature #24,Check network hardware;Inspect cable connections;Review network driver logs;Monitor packet loss rate
10330,0.5802,network_errors,Network Interface Issues,high,Feature #23;Feature #24,Check network hardware;Inspect cable connections;Review network driver logs;Monitor packet loss rate
10331,0.5726,network_errors,Network Interface Issues,high,Feature #23;Feature #24,Check network hardware;Inspect cable connections;Review network driver logs;Monitor packet loss rate
10332,0.5649,network_errors,Network Interface Issues,high,Feature #23;Feature #24,Check network hardware;Inspect cable connections;Review network driver logs;Monitor packet loss rate
10333,0.5881,network_errors,Network Interface Issues,high,Feature #23;Feature #24,Check network hardware;Inspect cable connections;Review network driver logs;Monitor packet loss rate
10334,0.5693,network_errors,Network Interface Issues,high,Feature #23;Feature #24,Check network hardware;Inspect cable connections;Review network driver logs;Monitor packet loss rate
10335,0.5535,network_errors,Network Interface Issues,high,Feature #23;Feature #24,Check network hardware;Inspect cable connections;Review network driver logs;Monitor packet loss rate
10336,0.591,network_errors,Network Interface Issues,high,Feature #23;Feature #24,Check network hardware;Inspect cable connections;Review network driver logs;Monitor packet loss rate
10337,0.6273,network_errors,Network Interface Issues,high,Feature #23;Feature #24,Check network hardware;Inspect cable connections;Review network driver logs;Monitor packet loss rate
10338,0.6068,network_errors,Network Interface Issues,high,Feature #23;Feature #24,Check network hardware;Inspect cable connections;Review network driver logs;Monitor packet loss rate
10339,0.5658,network_errors,Network Interface Issues,high,Feature #23;Feature #24,Check network hardware;Inspect cable connections;Review network driver logs;Monitor packet loss rate
10340,0.6023,network_errors,Network Interface Issues,high,Feature #23;Feature #24,Check network hardware;Inspect cable connections;Review network driver logs;Monitor packet loss rate
10341,0.6106,network_errors,Network Interface Issues,high,Feature #23;Feature #24,Check network hardware;Inspect cable connections;Review network driver logs;Monitor packet loss rate
10342,0.6373,network_errors,Network Interface Issues,high,Feature #23;Feature #24,Check network hardware;Inspect cable connections;Review network driver logs;Monitor packet loss rate
10343,0.5586,network_errors,Network Interface Issues,high,Feature #23;Feature #24,Check network hardware;Inspect cable connections;Review network driver logs;Monitor packet loss rate
10344,0.6314,network_errors,Network Interface Issues,high,Feature #23;Feature #24,Check network hardware;Inspect cable connections;Review network driver logs;Monitor packet loss rate
10345,0.6456,network_errors,Network Interface Issues,high,Feature #23;Feature #24,Check network hardware;Inspect cable connections;Review network driver logs;Monitor packet loss rate
10346,0.5755,network_errors,Network Interface Issues,high,Feature #23;Feature #24,Check network hardware;Inspect cable connections;Review network driver logs;Monitor packet loss rate
10347,0.6174,network_errors,Network Interface Issues,high,Feature #23;Feature #24,Check network hardware;Inspect cable connections;Review network driver logs;Monitor packet loss rate
10348,0.6259,network_errors,Network Interface Issues,high,Feature #23;Feature #24,Check network hardware;Inspect cable connections;Review network driver logs;Monitor packet loss rate
10349,0.5568,network_errors,Network Interface Issues,high,Feature #23;Feature #24,Check network hardware;Inspect cable connections;Review network driver logs;Monitor packet loss rate
10350,0.5526,network_errors,Network Interface Issues,high,Feature #23;Feature #24,Check network hardware;Inspect cable connections;Review network driver logs;Monitor packet loss rate
10351,0.549,network_errors,Network Interface Issues,high,Feature #23;Feature #24,Check network hardware;Inspect cable connections;Review network driver logs;Monitor packet loss rate
10354,0.5239,network_errors,Network Interface Issues,high,Feature #23;Feature #24,Check network hardware;Inspect cable connections;Review network driver logs;Monitor packet loss rate
10359,0.5929,network_errors,Network Interface Issues,high,Feature #23;Feature #24,Check network hardware;Inspect cable connections;Review network driver logs;Monitor packet loss rate
10363,0.5277,network_errors,Network Interface Issues,high,Feature #23;Feature #24,Check network hardware;Inspect cable connections;Review network driver logs;Monitor packet loss rate
10370,0.5525,network_errors,Network Interface Issues,high,Feature #23;Feature #24,Check network hardware;Inspect cable connections;Review network driver logs;Monitor packet loss rate
12851,0.5711,network_errors,Network Interface Issues,high,Feature #23;Feature #24,Check network hardware;Inspect cable connections;Review network driver logs;Monitor packet loss rate
12923,0.5469,network_errors,Network Interface Issues,high,Feature #23;Feature #24,Check network hardware;Inspect cable connections;Review network driver logs;Monitor packet loss rate
13189,0.5207,network_errors,Network Interface Issues,high,Feature #23;Feature #24,Check network hardware;Inspect cable connections;Review network driver logs;Monitor packet loss rate
13195,0.5877,network_errors,Network Interface Issues,high,Feature #23;Feature #24,Check network hardware;Inspect cable connections;Review network driver logs;Monitor packet loss rate
13212,0.6149,network_errors,Network Interface Issues,high,Feature #23;Feature #24,Check network hardware;Inspect cable connections;Review network driver logs;Monitor packet loss rate
13213,0.6286,network_errors,Network Interface Issues,high,Feature #23;Feature #24,Check network hardware;Inspect cable connections;Review network driver logs;Monitor packet loss rate
13254,0.5622,network_errors,Network Interface Issues,high,Feature #23;Feature #24,Check network hardware;Inspect cable connections;Review network driver logs;Monitor packet loss rate
13255,0.5719,network_errors,Network Interface Issues,high,Feature #23;Feature #24,Check network hardware;Inspect cable connections;Review network driver logs;Monitor packet loss rate
13256,0.5426,network_errors,Network Interface Issues,high,Feature #23;Feature #24,Check network hardware;Inspect cable connections;Review network driver logs;Monitor packet loss rate
13257,0.5715,network_errors,Network Interface Issues,high,Feature #23;Feature #24,Check network hardware;Inspect cable connections;Review network driver logs;Monitor packet loss rate
13258,0.5435,network_errors,Network Interface Issues,high,Feature #23;Feature #24,Check network hardware;Inspect cable connections;Review network driver logs;Monitor packet loss rate
13266,0.6088,network_errors,Network Interface Issues,high,Feature #23;Feature #24,Check network hardware;Inspect cable connections;Review network driver logs;Monitor packet loss rate
13291,0.5346,network_errors,Network Interface Issues,high,Feature #23;Feature #24,Check network hardware;Inspect cable connections;Review network driver logs;Monitor packet loss rate
15930,0.5412,network_errors,Network Interface Issues,high,Feature #23;Feature #24,Check network hardware;Inspect cable connections;Review network driver logs;Monitor packet loss rate
15967,0.526,network_errors,Network Interface Issues,high,Feature #23;Feature #24,Check network hardware;Inspect cable connections;Review network driver logs;Monitor packet loss rate
16097,0.538,network_errors,Network Interface Issues,high,Feature #23;Feature #24,Check network hardware;Inspect cable connections;Review network driver logs;Monitor packet loss rate
16113,0.5465,network_errors,Network Interface Issues,high,Feature #23;Feature #24,Check network hardware;Inspect cable connections;Review network driver logs;Monitor packet loss rate
16133,0.5335,network_errors,Network Interface Issues,high,Feature #23;Feature #24,Check network hardware;Inspect cable connections;Review network driver logs;Monitor packet loss rate
16149,0.5741,network_errors,Network Interface Issues,high,Feature #23;Feature #24,Check network hardware;Inspect cable connections;Review network driver logs;Monitor packet loss rate
16151,0.5283,network_errors,Network Interface Issues,high,Feature #23;Feature #24,Check network hardware;Inspect cable connections;Review network driver logs;Monitor packet loss rate
16152,0.5493,network_errors,Network Interface Issues,high,Feature #23;Feature #24,Check network hardware;Inspect cable connections;Review network driver logs;Monitor packet loss rate
16153,0.5461,network_errors,Network Interface Issues,high,Feature #23;Feature #24,Check network hardware;Inspect cable connections;Review network driver logs;Monitor packet loss rate
16524,0.5223,network_errors,Network Interface Issues,high,Feature #23;Feature #24,Check network hardware;Inspect cable connections;Review network driver logs;Monitor packet loss rate
18678,0.5287,network_errors,Network Interface Issues,high,Feature #23;Feature #24,Check network hardware;Inspect cable connections;Review network driver logs;Monitor packet loss rate
18877,0.5295,network_errors,Network Interface Issues,high,Feature #23;Feature #24,Check network hardware;Inspect cable connections;Review network driver logs;Monitor packet loss rate
18894,0.5276,network_errors,Network Interface Issues,high,Feature #23;Feature #24,Check network hardware;Inspect cable connections;Review network driver logs;Monitor packet loss rate
18895,0.5223,network_errors,Network Interface Issues,high,Feature #23;Feature #24,Check network hardware;Inspect cable connections;Review network driver logs;Monitor packet loss rate
18898,0.5401,network_errors,Network Interface Issues,high,Feature #23;Feature #24,Check network hardware;Inspect cable connections;Review network driver logs;Monitor packet loss rate
18899,0.5622,network_errors,Network Interface Issues,high,Feature #23;Feature #24,Check network hardware;Inspect cable connections;Review network driver logs;Monitor packet loss rate
18900,0.548,network_errors,Network Interface Issues,high,Feature #23;Feature #24,Check network hardware;Inspect cable connections;Review network driver logs;Monitor packet loss rate
18952,0.5342,network_errors,Network Interface Issues,high,Feature #23;Feature #24,Check network hardware;Inspect cable connections;Review network driver logs;Monitor packet loss rate
18953,0.5425,network_errors,Network Interface Issues,high,Feature #23;Feature #24,Check network hardware;Inspect cable connections;Review network driver logs;Monitor packet loss rate
19116,0.528,network_errors,Network Interface Issues,high,Feature #23;Feature #24,Check network hardware;Inspect cable connections;Review network driver logs;Monitor packet loss rate
19120,0.5461,network_errors,Network Interface Issues,high,Feature #23;Feature #24,Check network hardware;Inspect cable connections;Review network driver logs;Monitor packet loss rate
19580,0.5301,network_errors,Network Interface Issues,high,Feature #23;Feature #24,Check network hardware;Inspect cable connections;Review network driver logs;Monitor packet loss rate
19597,0.5367,network_errors,Network Interface Issues,high,Feature #23;Feature #24,Check network hardware;Inspect cable connections;Review network driver logs;Monitor packet loss rate
19599,0.5665,network_errors,Network Interface Issues,high,Feature #23;Feature #24,Check network hardware;Inspect cable connections;Review network driver logs;Monitor packet loss rate
21860,0.5416,network_errors,Network Interface Issues,high,Feature #23;Feature #24,Check network hardware;Inspect cable connections;Review network driver logs;Monitor packet loss rate
21955,0.5784,network_errors,Network Interface Issues,high,Feature #23;Feature #24,Check network hardware;Inspect cable connections;Review network driver logs;Monitor packet loss rate
21956,0.5358,network_errors,Network Interface Issues,high,Feature #23;Feature #24,Check network hardware;Inspect cable connections;Review network driver logs;Monitor packet loss rate
21982,0.5613,network_errors,Network Interface Issues,high,Feature #23;Feature #24,Check network hardware;Inspect cable connections;Review network driver logs;Monitor packet loss rate
21983,0.5472,network_errors,Network Interface Issues,high,Feature #23;Feature #24,Check network hardware;Inspect cable connections;Review network driver logs;Monitor packet loss rate
21985,0.5447,network_errors,Network Interface Issues,high,Feature #23;Feature #24,Check network hardware;Inspect cable connections;Review network driver logs;Monitor packet loss rate
22965,0.5252,network_errors,Network Interface Issues,high,Feature #23;Feature #24,Check network hardware;Inspect cable connections;Review network driver logs;Monitor packet loss rate
23076,0.5653,network_errors,Network Interface Issues,high,Feature #23;Feature #24,Check network hardware;Inspect cable connections;Review network driver logs;Monitor packet loss rate
23077,0.5771,network_errors,Network Interface Issues,high,Feature #23;Feature #24,Check network hardware;Inspect cable connections;Review network driver logs;Monitor packet loss rate
23078,0.5558,network_errors,Network Interface Issues,high,Feature #23;Feature #24,Check network hardware;Inspect cable connections;Review network driver logs;Monitor packet loss rate
23079,0.5589,network_errors,Network Interface Issues,high,Feature #23;Feature #24,Check network hardware;Inspect cable connections;Review network driver logs;Monitor packet loss rate
23081,0.5341,network_errors,Network Interface Issues,high,Feature #23;Feature #24,Check network hardware;Inspect cable connections;Review network driver logs;Monitor packet loss rate
23082,0.5235,network_errors,Network Interface Issues,high,Feature #23;Feature #24,Check network hardware;Inspect cable connections;Review network driver logs;Monitor packet loss rate
23083,0.5206,network_errors,Network Interface Issues,high,Feature #23;Feature #24,Check network hardware;Inspect cable connections;Review network driver logs;Monitor packet loss rate
23084,0.532,network_errors,Network Interface Issues,high,Feature #23;Feature #24,Check network hardware;Inspect cable connections;Review network driver logs;Monitor packet loss rate
23085,0.5775,network_errors,Network Interface Issues,high,Feature #23;Feature #24,Check network hardware;Inspect cable connections;Review network driver logs;Monitor packet loss rate
23086,0.5275,network_errors,Network Interface Issues,high,Feature #23;Feature #24,Check network hardware;Inspect cable connections;Review network driver logs;Monitor packet loss rate
23089,0.5513,network_errors,Network Interface Issues,high,Feature #23;Feature #24,Check network hardware;Inspect cable connections;Review network driver logs;Monitor packet loss rate
23091,0.5361,network_errors,Network Interface Issues,high,Feature #23;Feature #24,Check network hardware;Inspect cable connections;Review network driver logs;Monitor packet loss rate
23108,0.5302,network_errors,Network Interface Issues,high,Feature #23;Feature #24,Check network hardware;Inspect cable connections;Review network driver logs;Monitor packet loss rate
23113,0.5296,network_errors,Network Interface Issues,high,Feature #23;Feature #24,Check network hardware;Inspect cable connections;Review network driver logs;Monitor packet loss rate
23117,0.552,network_errors,Network Interface Issues,high,Feature #23;Feature #24,Check network hardware;Inspect cable connections;Review network driver logs;Monitor packet loss rate
